decade,mean_happiness,ci_lower,ci_upper,n
2000s,5.3569182741757935,5.352639253297725,5.361404325387517,55417
2010s,5.428589602468557,5.423942630420268,5.433330390493892,55417
2020s,5.367499142862298,5.36413825631124,5.371029386289406,55417
