decade,mean_happiness,ci_lower,ci_upper,n
2000s,5.356987927892162,5.352773733691827,5.361154988541421,55417
2010s,5.428580399516394,5.4244902060739495,5.4327485112871505,55417
2020s,5.367490481260263,5.364247270693109,5.3710355396358525,55417
