pearson_r,ci_lower,ci_upper,prop_negative
0.41998748952207915,0.22827857543850044,0.5941273905185204,0.0
